[
  {
    "id": 1,
    "nombre": "Carnicería La Plaza",
    "sector": "Carnicerias",
    "direccion": "Av. Central 45",
    "maps_url": "https://maps.google.com/?q=Carniceria+La+Plaza",
    "telefono": "(243) 987-6543",
    "horario": "Lunes a sábado: 8:00 - 20:00",
    "descripcion": "Ofrecemos cortes frescos, servicio a domicilio y promociones especiales los fines de semana."
  },
  {
    "id": 2,
    "nombre": "Panadería El Buen Pan",
    "sector": "Panaderias",
    "direccion": "Calle Juárez 22",
    "maps_url": "https://maps.google.com/?q=Panaderia+El+Buen+Pan",
    "telefono": "(243) 555-1212",
    "horario": "Todos los días: 7:00 - 22:00",
    "descripcion": "Pan artesanal, pasteles y repostería fina."
  },
  {
    "id": 3,
    "nombre": "Abarrotes El Ahorro",
    "sector": "Abarrotes",
    "direccion": "Av. Independencia 3",
    "maps_url": "https://maps.google.com/?q=Abarrotes+El+Ahorro",
    "telefono": "(243) 999-0000",
    "horario": "Lunes a domingo: 9:00 - 21:00",
    "descripcion": "Gran variedad de productos básicos y ofertas especiales."
  },
  {
    "id": 4,
    "nombre": "Pastelería Dulce Arte",
    "sector": "Pastelerias",
    "direccion": "Plaza Central 5",
    "maps_url": "https://maps.google.com/?q=Pasteleria+Dulce+Arte",
    "telefono": "(243) 444-3333",
    "horario": "Martes a domingo: 9:00 - 20:00",
    "descripcion": "Pasteles personalizados y repostería artesanal."
  },
  {
    "id": 5,
    "nombre": "Pollería El Pollo Feliz",
    "sector": "Pollerias",
    "direccion": "Av. Reforma 101",
    "maps_url": "https://maps.google.com/?q=Polleria+El+Pollo+Feliz",
    "telefono": "(243) 222-1111",
    "horario": "Todos los días: 8:00 - 21:00",
    "descripcion": "Pollos frescos y preparados con recetas tradicionales."
  },
  {
    "id": 6,
    "nombre": "Verdulería La Huerta",
    "sector": "Verdulerias",
    "direccion": "Calle Flores 8",
    "maps_url": "https://maps.google.com/?q=Verduleria+La+Huerta",
    "telefono": "(243) 777-8888",
    "horario": "Lunes a sábado: 7:00 - 19:00",
    "descripcion": "Frutas y verduras frescas de la región."
  },
  {
    "id": 7,
    "nombre": "Dulcería La Tradición",
    "sector": "Dulcerias",
    "direccion": "Calle Real 12",
    "maps_url": "https://maps.google.com/?q=Dulceria+La+Tradicion",
    "telefono": "(243) 666-5555",
    "horario": "Lunes a domingo: 10:00 - 20:00",
    "descripcion": "Dulces típicos y artesanales."
  },
  {
    "id": 8,
    "nombre": "Taquería de Oliver",
    "sector": "Taquerias",
    "direccion": "Calle Hidalgo 99",
    "maps_url": "https://maps.google.com/?q=Taqueria+de+Oliver",
    "telefono": "(243) 111-2222",
    "horario": "Todos los días: 18:00 - 02:00",
    "descripcion": "Tacos al pastor, suadero y especialidades locales."
  },
  {
    "id": 9,
    "nombre": "Cafetería Central",
    "sector": "Cafeteria",
    "direccion": "Av. Juárez 10",
    "maps_url": "https://maps.google.com/?q=Cafeteria+Central",
    "telefono": "(243) 123-4567",
    "horario": "Lunes a viernes: 7:00 - 20:00",
    "descripcion": "Café de especialidad y repostería ligera."
  },
  {
    "id": 10,
    "nombre": "Cafetería La Esquina",
    "sector": "Cafeteria",
    "direccion": "Calle Hidalgo 22",
    "maps_url": "https://maps.google.com/?q=Cafeteria+La+Esquina",
    "telefono": "(243) 234-5678",
    "horario": "Todos los días: 8:00 - 22:00",
    "descripcion": "Ambiente acogedor y café orgánico."
  },
  {
    "id": 11,
    "nombre": "Cafetería San Pedro",
    "sector": "Cafeteria",
    "direccion": "Plaza Mayor 5",
    "maps_url": "https://maps.google.com/?q=Cafeteria+San+Pedro",
    "telefono": "(243) 345-6789",
    "horario": "Lunes a sábado: 9:00 - 21:00",
    "descripcion": "Cafetería tradicional con desayunos completos."
  },
  {
    "id": 12,
    "nombre": "Cafetería El Buen Café",
    "sector": "Cafeteria",
    "direccion": "Av. Reforma 33",
    "maps_url": "https://maps.google.com/?q=Cafeteria+El+Buen+Cafe",
    "telefono": "(243) 456-7890",
    "horario": "Todos los días: 7:00 - 23:00",
    "descripcion": "Café gourmet y postres caseros."
  },
  {
    "id": 13,
    "nombre": "Farmacia San José",
    "sector": "Farmacia",
    "direccion": "Calle Real 20",
    "maps_url": "https://maps.google.com/?q=Farmacia+San+Jose",
    "telefono": "(243) 567-8901",
    "horario": "Lunes a domingo: 8:00 - 22:00",
    "descripcion": "Medicamentos, productos de salud y asesoría farmacéutica."
  },
  {
    "id": 14,
    "nombre": "Farmacia Central",
    "sector": "Farmacia",
    "direccion": "Av. Juárez 55",
    "maps_url": "https://maps.google.com/?q=Farmacia+Central",
    "telefono": "(243) 678-9012",
    "horario": "Todos los días: 9:00 - 21:00",
    "descripcion": "Farmacia con servicio rápido y surtido completo."
  },
  {
    "id": 15,
    "nombre": "Farmacia La Salud",
    "sector": "Farmacia",
    "direccion": "Calle Hidalgo 77",
    "maps_url": "https://maps.google.com/?q=Farmacia+La+Salud",
    "telefono": "(243) 789-0123",
    "horario": "Lunes a sábado: 8:00 - 20:00",
    "descripcion": "Medicamentos genéricos y de patente."
  },
  {
    "id": 16,
    "nombre": "Farmacia El Ahorro",
    "sector": "Farmacia",
    "direccion": "Av. Reforma 88",
    "maps_url": "https://maps.google.com/?q=Farmacia+El+Ahorro",
    "telefono": "(243) 890-1234",
    "horario": "Todos los días: 8:00 - 22:00",
    "descripcion": "Farmacia con descuentos especiales."
  },
  {
    "id": 17,
    "nombre": "Estética Bella",
    "sector": "Estetica",
    "direccion": "Calle Flores 15",
    "maps_url": "https://maps.google.com/?q=Estetica+Bella",
    "telefono": "(243) 901-2345",
    "horario": "Martes a domingo: 10:00 - 20:00",
    "descripcion": "Servicios de belleza y cuidado personal."
  }
]
  





